experiment,run_id,run_name,meter_urn,val_auc,val_f1,val_precision,val_recall,val_mae,val_mape,test_mae,test_mape,artifacts
647500970444605053,053fac190b724c3e949e8309e5751e25,053fac190b724c3e949e8309e5751e25,H2.Z361,0.645871171678729,0.3672581185135588,0.2535243817887682,0.6660595021250759,10059.268314019488,26.988500550389123,9844.916503287206,42.83193735923299,
647500970444605053,0967c04f39174c66a7a696e5fdde69ce,0967c04f39174c66a7a696e5fdde69ce,H2.T.Z30,0.48842434454026873,0.25992414664981034,0.22270363951473138,0.31208257437765635,1071.2605131073553,6.344519517394296,1168.8519729365073,7.010814974245701,
647500970444605053,0ccd2fb21e1a49bcac3444af24c6e2c8,0ccd2fb21e1a49bcac3444af24c6e2c8,H2.T.Z32,0.5312935756563353,0.3162024323264025,0.23355549116198204,0.4893746205221615,534.8868972447879,8.387108472753908,537.2656337021203,8.065216654546473,
647500970444605053,15ad72b541f84dbaa1c812a9726b2081,15ad72b541f84dbaa1c812a9726b2081,H1.W11,0.49126449129285776,0.29611542730299667,0.23337998600419874,0.4049787492410443,32372.970470427128,163.16103458706218,33639.2905683253,1710.4978028005792,
647500970444605053,23f4fe339cd24c08a8979510b7ea2e17,23f4fe339cd24c08a8979510b7ea2e17,H1.K14,0.717503542522749,0.44415243101182655,0.39156626506024095,0.5130540376442015,5400.461262493744,581.3419184989294,4003.389748682731,114.8734421014048,
647500970444605053,2655f0391e55437ca418e00c7d1f60cc,2655f0391e55437ca418e00c7d1f60cc,H2.Z351,0.6279424388753403,0.3477036776350519,0.244796828543112,0.5998785670916819,9971.979361631753,27.385456249303207,10029.417647704857,25.709494975388324,
647500970444605053,2c9ff31364734b09b827e105258dc884,2c9ff31364734b09b827e105258dc884,H1.Z28,0.29933763470232083,0.2924773022049287,0.313848295059151,0.2738312082574378,10676.21253394262,47.85891811325568,16786.765009017672,67.14793351582604,
647500970444605053,317831b3f6b3471b88fc0f0c6f11f001,317831b3f6b3471b88fc0f0c6f11f001,H2.Z36,0.45622045982536247,0.3206205559146736,0.3427781617138908,0.30115361262902246,257.1699383859068,,285.07360241709466,,
647500970444605053,32f5ff8b681946a9bb2326fc9e47f68c,32f5ff8b681946a9bb2326fc9e47f68c,H1.Z11,0.7409549774578672,0.4475062000551116,0.40968718466195764,0.4930176077717061,1220.364296207608,250.21205421205332,1125.2710646664632,115.60758971596098,
647500970444605053,39448828fb5c41108c545e5bbf81683e,39448828fb5c41108c545e5bbf81683e,H1.Z24,0.6029995766920607,0.35841193244132485,0.2805631868131868,0.49605343047966,1180.2951368753336,63.67159419773517,355.99295899314706,82.30724635790365,
647500970444605053,3fc70cf41a8542a78d9a99a27e129bfe,3fc70cf41a8542a78d9a99a27e129bfe,H1.Z13,0.6501631727345911,0.3853944562899787,0.3434679334916865,0.43897996357012753,673.2457261515337,6.966253399291053,524.7841686169031,20.99032546944172,
647500970444605053,43bf25bc162943ac87a02c2625e63615,43bf25bc162943ac87a02c2625e63615,H2.Z311,0.636167745510944,0.375526490800266,0.29574022346368717,0.5142683667273831,32861.00061602292,3970.4524414180523,31364.496408612606,4197.802611497547,
647500970444605053,4c11dffefdd047d0b6e1c19c81fcb025,4c11dffefdd047d0b6e1c19c81fcb025,H1.Z15,0.3186994859456949,0.3057324840764331,0.3215003348961822,0.29143897996357016,24305.213104251467,101.17440502036834,38205.69567066563,59.83124117609818,
647500970444605053,4f6defb141e34c289f2bb897d001423d,4f6defb141e34c289f2bb897d001423d,H1.Z26,0.530514548966923,0.2749926707710349,0.26587301587301587,0.2847601700060716,1205.9419573893526,27.1583502090462,1278.815526755845,20.40119768050925,
647500970444605053,6ea1d206dffa476b8375ef0fcea9e31c,6ea1d206dffa476b8375ef0fcea9e31c,H1.Z19,0.44555393148890143,0.20743034055727555,0.28601921024546423,0.16272009714632665,70.93000737993637,13.95729687944072,21.690339211155614,,
647500970444605053,6fe37096ed1e4215a504af3cc1fa438f,6fe37096ed1e4215a504af3cc1fa438f,H1.Z20,0.19065181105319629,0.17573504562352146,0.19817073170731708,0.15786278081360047,55172.589855682294,382.09921453202276,69691.03582495131,373.14151747218455,
647500970444605053,73e20053ba774637a5684f78fdb357ef,73e20053ba774637a5684f78fdb357ef,H1.Z17,0.6711215121417587,0.41401106136423493,0.3655813953488372,0.4772313296903461,3768.9025724351145,5.533806434084918,3377.3329600802795,6.463642680961197,
647500970444605053,76ad946722ed451d99fa35029299b483,76ad946722ed451d99fa35029299b483,H1.K12,0.5906072914901972,0.4007597340930674,0.41865079365079366,0.3843351548269581,2089.956727338098,28.764206632601297,351.0756131914214,92.3794151214232,
647500970444605053,81e6e472b1f6442387cd9070aaf0b622,81e6e472b1f6442387cd9070aaf0b622,H1.K16,0.5089908067321283,0.33685558757604867,0.35636856368563685,0.3193685488767456,248.45441873916752,6.473759784448416,647.0563749280569,9.909698699327732,
647500970444605053,88d783307f704702951a88b6ef140d24,88d783307f704702951a88b6ef140d24,H1.Z12,0.6970996620978301,0.4393258426966292,0.4087820177731312,0.474802671523983,1130.6377852951932,180.2534696250928,1071.2159246067363,81.56733985145195,
647500970444605053,8a72ba18cef64e4c80ac77fde4545c62,8a72ba18cef64e4c80ac77fde4545c62,H1.ZE20,0.5225949258204272,0.33090106906499234,0.22962788506829956,0.5919854280510018,7343.324369067224,99.99814870683443,69972.30532720675,99.99693884679928,
647500970444605053,8c19e27a089b43b894f1d94a53f8e90e,8c19e27a089b43b894f1d94a53f8e90e,H2.T.Z31,0.6370626018598409,0.35641938133041334,0.32452642073778665,0.39526411657559196,406.06291573366985,54.428676983257226,1308.1132251850356,35.49041514792696,
647500970444605053,9ae36bd7e1844f79b54443600e3aeef6,9ae36bd7e1844f79b54443600e3aeef6,H1.Z10,0.5061313988116736,0.2324699936828806,0.24226464779460172,0.22343655130540377,432.288713657033,7.914761478466155,286.5664029177538,23.18195887258905,
647500970444605053,9eaed4b4530f423dbc4a0a277296ede1,9eaed4b4530f423dbc4a0a277296ede1,H1.K11,0.5843858029433691,0.40460010454783063,0.3552088113813676,0.46994535519125685,1268.2356015678224,39.10897723142372,2268.378684073614,39.272962207757246,
647500970444605053,a276fb0c07474e16acd0932ebc4e555c,a276fb0c07474e16acd0932ebc4e555c,H1.Z16,0.6974432988427102,0.2723781388478582,0.26524741081703107,0.2799028536733455,638.748207689452,68.09652472091481,792.5758833607198,42.992993545573114,
647500970444605053,b27d5ef80bef4d0dabd70899ebd8b51d,b27d5ef80bef4d0dabd70899ebd8b51d,H1.W12,0.20179198901763226,0.14242526032919045,0.1593984962406015,0.12871888281724347,14546.29933378651,541.6200550247837,37860.307182675766,2408.6071239187677,
647500970444605053,b552db763f21480aab6d843fb550c108,b552db763f21480aab6d843fb550c108,H1.Z25,0.5883534721975986,0.3605412483631602,0.28143100511073255,0.5015179113539769,1160.6102535032423,79.61089266472918,436.9331609597397,134.33689881625762,
647500970444605053,b5ffc373bf604a2db099e077dea37471,b5ffc373bf604a2db099e077dea37471,H1.Z18,0.4660504843964841,0.28024369016536116,0.2683333333333333,0.29326047358834245,443.39965635357146,29.190045093404848,269.61089108090516,216.51351061704767,
647500970444605053,b806fc59f1474449a667f48f7db15c59,b806fc59f1474449a667f48f7db15c59,H1.Z29,0.23327865788182311,0.32608111737845824,0.2923892100192678,0.36854887674559805,51050.069926389995,27.237963308577278,70123.27756784907,174.01355624820158,
647500970444605053,b93b482e3b374013a4e58ed16c21e0bb,b93b482e3b374013a4e58ed16c21e0bb,H2.T.Z34,0.4657715476654808,0.35657319269359405,0.309375,0.4207650273224044,1641.9520447722084,2.155909983187747,2128.422150822779,2.717615811227642,
647500970444605053,bb0ea36458de4688b945af93a2765bfe,bb0ea36458de4688b945af93a2765bfe,H1.K15,0.5629476415794333,0.3706088992974239,0.3578292820802713,0.3843351548269581,1007.4639565191201,31.558177001270167,1092.3298533035834,49.97044852212117,
647500970444605053,bea48f73589c4abf9e393420f431f489,bea48f73589c4abf9e393420f431f489,H1.Z310,0.6640648330910366,0.3756955263743601,0.2965565706254392,0.5124468731026108,10940.782965557073,,10501.949351358535,,
647500970444605053,c21f4882cdab47739a603e0f118fd056,c21f4882cdab47739a603e0f118fd056,H1.Z21,0.410942619667666,0.20480737569970364,0.2237410071942446,0.18882817243472982,134.53531601089387,614.1234806350242,131.33344108968592,1358.7079078938352,
647500970444605053,c6a57c8094594b09952a289d7f5249e0,c6a57c8094594b09952a289d7f5249e0,H1.Z14,0.6471040615236722,0.3812124522119061,0.34640198511166254,0.4238008500303582,631.3741382816107,6.699621263189591,515.6271469353185,15.231227099003378,
647500970444605053,c6fac753094b4b139ba7426ef1d0e59a,c6fac753094b4b139ba7426ef1d0e59a,H1.Z27,0.5149670218163369,0.2713335261787677,0.2591160220994475,0.2847601700060716,5613.982454765318,80.41586966005903,5971.120232356824,97.69781462209164,
647500970444605053,e76a69ee00fb485ab5f0a32152d9befd,e76a69ee00fb485ab5f0a32152d9befd,H1.Z22,0.4098773019831561,0.22526041666666666,0.24280701754385964,0.2100789313904068,141.51990734888457,40.92551887143532,119.57810322287634,32.711383207614894,
647500970444605053,eaf01956f0f34d46a8447f60c82cc83e,eaf01956f0f34d46a8447f60c82cc83e,H2.T.Z33,0.5431946135268555,0.30355809902960934,0.2571669477234401,0.37037037037037035,8028.014833130173,53.47464674704797,8962.04016415345,37.24348362567049,
647500970444605053,ece887f0e11b4d52974fe5414ed77e94,ece887f0e11b4d52974fe5414ed77e94,H1.Z23,0.46113853638762925,0.1821390751853159,0.2175379426644182,0.15664845173041894,1150.6053134747892,112.49369813129486,808.6633869483768,1384.1873224139429,
647500970444605053,f1bd5029453b4ecd82e83be153afc3e5,f1bd5029453b4ecd82e83be153afc3e5,H2.K21,0.6776525801866495,0.45770120853689894,0.39696699375557537,0.5403764420157863,2347.837481107053,136.44811194830226,1909.94659187417,75.86719404615094,
647500970444605053,f3e348386ad142c18c596093ece04b4c,f3e348386ad142c18c596093ece04b4c,H2.Z35,0.45801967178094444,0.32249758609591245,0.34315068493150686,0.30418943533697634,245.30582106231157,,276.7238163082687,,
